variant,entry_time_ny,resolved_time_ny,symbol,condition,level_name,direction,entry,sl,r_size,outcome,hit_crt_50,hit_1r,hit_2r,hit_3r,mfe_r,mae_r
raw,2026-07-06 02:05:00-04:00,2026-07-06T02:15:33-04:00,EURUSD,crt_range_sweep,CRT_1AM_CRT_9PM_Asia_Low,bullish_sweep,1.1432491540908813,1.1428571939468384,0.00039196014404296875,stop,False,False,False,False,0.0,-1.0
raw,2026-07-06 02:00:00-04:00,2026-07-06T02:15:33-04:00,US500,crt_range_sweep,CRT_1AM_CRT_5PM_CBDR_Low,bullish_sweep,7551.75,7550.0,1.75,stop,False,False,False,False,0.0,-1.0
raw,2026-07-06 02:05:00-04:00,2026-07-06T02:21:44-04:00,GBPUSD,crt_range_sweep,CRT_1AM_CRT_9PM_Asia_Low,bullish_sweep,1.334098219871521,1.333760142326355,0.0003380775451660156,stop,False,False,False,False,0.0,-2.74
raw,2026-07-06 02:05:00-04:00,2026-07-06T02:21:45-04:00,USDCAD,crt_range_sweep,CRT_1AM_CRT_5PM_CBDR_High,bearish_sweep,1.4208500385284424,1.4212100505828857,0.0003600120544433594,stop,True,True,False,False,1.25,-1.22
raw,2026-07-06 02:15:00-04:00,2026-07-06T02:25:49-04:00,USDCAD,crt_range_sweep,CRT_1AM_CRT_5PM_CBDR_High,bearish_sweep,1.420799970626831,1.4212900400161743,0.0004900693893432617,stop,False,False,False,False,0.2,-1.02
raw,2026-07-06 02:25:00-04:00,2026-07-06T02:36:06-04:00,USDCAD,crt_range_sweep,CRT_1AM_CRT_9PM_Asia_High,bearish_sweep,1.4212199449539185,1.421370029449463,0.0001500844955444336,stop,False,False,False,False,2.8,-1.2
raw,2026-07-06 02:20:00-04:00,2026-07-06T02:36:06-04:00,USTEC,pdh_pdl_sweep,PDH,bearish_sweep,29773.5,29778.5,5.0,stop,,False,False,False,0.25,-4.1
m5_cisd,2026-07-06 02:30:00-04:00,2026-07-06T02:40:13-04:00,EURUSD,crt_range_sweep,CRT_1AM_CRT_9PM_Asia_Low,bullish_sweep,1.1428571939468384,1.1424654722213745,0.0003917217254638672,stop,False,False,False,False,0.0,-1.0
raw,2026-07-06 02:30:00-04:00,2026-07-06T02:40:13-04:00,USDCAD,crt_range_sweep,CRT_1AM_CRT_9PM_Asia_High,bearish_sweep,1.4213000535964966,1.4213999509811401,9.989738464355469e-05,stop,False,False,False,False,4.0,-2.8
raw,2026-07-06 02:05:00-04:00,2026-07-06T02:42:17-04:00,USTEC,pdh_pdl_sweep,PDH,bearish_sweep,29769.25,29797.25,28.0,stop,,False,False,False,0.52,-1.1
raw,2026-07-06 02:40:00-04:00,2026-07-06T02:50:37-04:00,USDCAD,crt_range_sweep,CRT_1AM_CRT_9PM_Asia_High,bearish_sweep,1.4212199449539185,1.4214099645614624,0.0001900196075439453,stop,False,False,False,False,2.74,-1.05
raw,2026-07-06 02:30:00-04:00,2026-07-06T02:50:38-04:00,XAUUSD,crt_range_sweep,CRT_1AM_CRT_9PM_Asia_Low,bullish_sweep,4170.60009765625,4167.7998046875,2.80029296875,stop,False,False,False,False,0.32,-1.57
raw,2026-07-06 02:35:00-04:00,2026-07-06T02:50:38-04:00,XAUUSD,crt_range_sweep,CRT_1AM_CRT_9PM_Asia_Low,bullish_sweep,4170.0,4168.2001953125,1.7998046875,stop,False,False,False,False,0.0,-1.17
raw,2026-07-06 02:35:00-04:00,2026-07-06T02:56:48-04:00,USDCAD,crt_range_sweep,CRT_1AM_CRT_9PM_Asia_High,bearish_sweep,1.4213199615478516,1.4215799570083618,0.0002599954605102539,stop,False,True,True,False,2.38,-1.54
raw,2026-07-06 02:45:00-04:00,2026-07-06T02:56:49-04:00,USDCAD,crt_range_sweep,CRT_1AM_CRT_9PM_Asia_High,bearish_sweep,1.4213099479675293,1.4214199781417847,0.0001100301742553711,stop,False,False,False,False,3.73,-3.73
m5_cisd,2026-07-06 02:40:00-04:00,2026-07-06T02:56:49-04:00,US500,crt_range_sweep,CRT_1AM_CRT_5PM_CBDR_Low,bullish_sweep,7554.75,7553.0,1.75,stop,False,False,False,False,0.0,-1.29
raw,2026-07-06 02:40:00-04:00,2026-07-06T02:56:49-04:00,USTEC,crt_range_sweep,CRT_1AM_CRT_5PM_CBDR_Low,bullish_sweep,29849.0,29840.25,8.75,stop,False,False,False,False,0.69,-1.89
raw,2026-07-06 02:40:00-04:00,2026-07-06T02:56:50-04:00,XAUUSD,crt_range_sweep,CRT_1AM_CRT_9PM_Asia_Low,bullish_sweep,4169.7998046875,4167.89990234375,1.89990234375,stop,False,False,False,False,0.0,-1.84
raw,2026-07-06 02:30:00-04:00,2026-07-06T03:00:56-04:00,GBPUSD,pdh_pdl_sweep,PDL,bullish_sweep,1.333760142326355,1.3334221839904785,0.00033795833587646484,stop,,False,False,False,0.37,-1.53
raw,2026-07-06 02:50:00-04:00,2026-07-06T03:00:57-04:00,USDCAD,crt_range_sweep,CRT_1AM_CRT_9PM_Asia_High,bearish_sweep,1.4212000370025635,1.421720027923584,0.0005199909210205078,stop,False,False,False,False,0.19,-1.37
raw,2026-07-06 02:50:00-04:00,2026-07-06T03:05:06-04:00,USTEC,crt_range_sweep,CRT_1AM_CRT_5PM_CBDR_Low,bullish_sweep,29851.25,29844.0,7.25,stop,False,False,False,False,0.0,-1.62
raw,2026-07-06 02:45:00-04:00,2026-07-06T03:11:12-04:00,USTEC,crt_range_sweep,CRT_1AM_CRT_5PM_CBDR_Low,bullish_sweep,29847.75,29832.5,15.25,stop,False,False,False,False,0.51,-1.1
raw,2026-07-06 02:55:00-04:00,2026-07-06T03:11:13-04:00,USTEC,crt_range_sweep,CRT_1AM_CRT_5PM_CBDR_Low,bullish_sweep,29846.25,29839.5,6.75,stop,False,False,False,False,0.96,-2.26
raw,2026-07-06 02:40:00-04:00,2026-07-06T03:15:19-04:00,US500,pdh_pdl_sweep,PDH,bearish_sweep,7554.5,7555.75,1.25,stop,,True,False,False,1.6,-1.0
raw,2026-07-06 03:10:00-04:00,2026-07-06T03:21:26-04:00,GBPUSD,pdh_pdl_sweep,PDL,bullish_sweep,1.3336000442504883,1.3334400653839111,0.00015997886657714844,all_targets,,True,True,True,4.12,0.0
m5_cisd,2026-07-06 03:05:00-04:00,2026-07-06T03:37:41-04:00,USTEC,crt_range_sweep,CRT_1AM_CRT_5PM_CBDR_Low,bullish_sweep,29854.75,29829.75,25.0,stop,False,False,False,False,0.36,-1.04
m5_cisd,2026-07-06 03:05:00-04:00,2026-07-06T03:37:42-04:00,USTEC,crt_range_sweep,CRT_1AM_CRT_5PM_CBDR_Low,bullish_sweep,29854.75,29829.75,25.0,stop,False,False,False,False,0.36,-1.04
m5_cisd,2026-07-06 03:05:00-04:00,2026-07-06T03:37:42-04:00,USTEC,crt_range_sweep,CRT_1AM_CRT_5PM_CBDR_Low,bullish_sweep,29854.75,29829.75,25.0,stop,False,False,False,False,0.36,-1.04
m5_cisd,2026-07-06 03:05:00-04:00,2026-07-06T03:37:43-04:00,USTEC,crt_range_sweep,CRT_1AM_CRT_5PM_CBDR_Low,bullish_sweep,29854.75,29829.75,25.0,stop,False,False,False,False,0.36,-1.04
m5_cisd,2026-07-06 03:20:00-04:00,2026-07-06T03:53:57-04:00,USTEC,pdh_pdl_sweep,PDH,bearish_sweep,29846.5,29863.75,17.25,stop,,True,False,False,1.75,-1.38
m5_cisd,2026-07-06 03:20:00-04:00,2026-07-06T03:53:58-04:00,USTEC,pdh_pdl_sweep,PDH,bearish_sweep,29846.5,29863.75,17.25,stop,,True,False,False,1.75,-1.38
raw,2026-07-06 02:30:00-04:00,2026-07-06T03:56:00-04:00,US500,crt_range_sweep,CRT_1AM_CRT_5PM_CBDR_Low,bullish_sweep,7553.0,7550.25,2.75,all_targets,True,True,True,True,3.64,-0.18
raw,2026-07-06 03:00:00-04:00,2026-07-06T04:16:20-04:00,EURUSD,pdh_pdl_sweep,PDL,bullish_sweep,1.1424654722213745,1.1420739889144897,0.0003914833068847656,stop,,True,False,False,1.67,-1.0
m5_cisd,2026-07-06 03:10:00-04:00,2026-07-06T04:16:21-04:00,EURUSD,pdh_pdl_sweep,PDL,bullish_sweep,1.1424654722213745,1.1422044038772583,0.00026106834411621094,stop,,True,True,False,2.5,-1.5
raw,2026-07-06 03:10:00-04:00,2026-07-06T04:16:21-04:00,EURUSD,pdh_pdl_sweep,PDL,bullish_sweep,1.1424654722213745,1.1422044038772583,0.00026106834411621094,stop,,True,True,False,2.5,-1.5
m5_cisd,2026-07-06 03:30:00-04:00,2026-07-06T06:11:39-04:00,GBPUSD,pdh_pdl_sweep,PDL,bullish_sweep,1.3342405557632446,1.3338313102722168,0.00040924549102783203,stop,,True,False,False,1.83,-1.17
raw,2026-07-06 06:00:00-04:00,2026-07-06T06:15:43-04:00,XAUUSD,crt_range_sweep,CRT_5AM_CRT_1AM_London_Low,bullish_sweep,4157.0,4155.5,1.5,stop,False,False,False,False,0.0,-1.4
raw,2026-07-06 06:05:00-04:00,2026-07-06T06:21:50-04:00,USDCAD,crt_range_sweep,CRT_5AM_CRT_1AM_London_High,bearish_sweep,1.4225399494171143,1.4229999780654907,0.00046002864837646484,all_targets,True,True,True,True,3.13,-0.13
m5_cisd,2026-07-06 06:20:00-04:00,2026-07-06T06:36:03-04:00,GBPUSD,crt_range_sweep,CRT_5AM_CRT_9PM_Asia_Low,bullish_sweep,1.3344720602035522,1.334115982055664,0.0003560781478881836,stop,False,False,False,False,0.55,-1.55
raw,2026-07-06 06:25:00-04:00,2026-07-06T06:36:04-04:00,USDCAD,crt_range_sweep,CRT_5AM_CRT_5PM_CBDR_High,bearish_sweep,1.4208999872207642,1.4215400218963623,0.0006400346755981445,stop,False,False,False,False,-0.0,-1.09
raw,2026-07-06 06:25:00-04:00,2026-07-06T06:36:04-04:00,USDCAD,crt_range_sweep,CRT_5AM_CRT_9PM_Asia_High,bearish_sweep,1.4208999872207642,1.4215400218963623,0.0006400346755981445,stop,False,False,False,False,-0.0,-1.09
raw,2026-07-06 06:05:00-04:00,2026-07-06T06:38:06-04:00,XAUUSD,crt_range_sweep,CRT_5AM_CRT_1AM_London_Low,bullish_sweep,4156.7001953125,4154.7001953125,2.0,all_targets,True,True,True,True,15.3,-0.25
m5_cisd,2026-07-06 06:15:00-04:00,2026-07-06T06:38:06-04:00,XAUUSD,crt_range_sweep,CRT_5AM_CRT_1AM_London_Low,bullish_sweep,4161.89990234375,4156.2001953125,5.69970703125,all_targets,True,True,True,True,4.46,-0.21
raw,2026-07-06 06:10:00-04:00,2026-07-06T06:38:07-04:00,XAUUSD,crt_range_sweep,CRT_5AM_CRT_1AM_London_Low,bullish_sweep,4157.5,4156.2001953125,1.2998046875,all_targets,True,True,True,True,22.93,0.0
raw,2026-07-06 06:20:00-04:00,2026-07-06T06:46:12-04:00,USDCAD,crt_range_sweep,CRT_5AM_CRT_5PM_CBDR_High,bearish_sweep,1.4211000204086304,1.4216500520706177,0.0005500316619873047,stop,False,False,False,False,0.55,-1.02
raw,2026-07-06 06:20:00-04:00,2026-07-06T06:46:12-04:00,USDCAD,crt_range_sweep,CRT_5AM_CRT_9PM_Asia_High,bearish_sweep,1.4211000204086304,1.4216500520706177,0.0005500316619873047,stop,False,False,False,False,0.55,-1.02
m5_cisd,2026-07-06 06:25:00-04:00,2026-07-06T06:48:14-04:00,USTEC,crt_range_sweep,CRT_5AM_CRT_1AM_London_High,bearish_sweep,29862.75,29883.25,20.5,stop,False,False,False,False,0.26,-1.04
raw,2026-07-06 06:15:00-04:00,2026-07-06T06:52:18-04:00,USTEC,crt_range_sweep,CRT_5AM_CRT_1AM_London_High,bearish_sweep,29880.5,29884.75,4.25,stop,False,True,True,True,5.41,-1.06
m5_cisd,2026-07-06 06:30:00-04:00,2026-07-06T07:02:25-04:00,XAUUSD,crt_range_sweep,CRT_5AM_CRT_1AM_London_Low,bullish_sweep,4165.39990234375,4159.7998046875,5.60009765625,all_targets,True,True,True,True,3.91,-0.11
raw,2026-07-06 06:30:00-04:00,2026-07-06T07:06:28-04:00,GBPUSD,crt_range_sweep,CRT_5AM_CRT_9PM_Asia_Low,bullish_sweep,1.3342584371566772,1.3339202404022217,0.0003381967544555664,stop,False,False,False,False,0.89,-1.32
raw,2026-07-06 06:50:00-04:00,2026-07-06T07:06:29-04:00,USDCAD,crt_range_sweep,CRT_5AM_CRT_5PM_CBDR_High,bearish_sweep,1.4210000038146973,1.4219000339508057,0.0009000301361083984,stop,False,False,False,False,0.11,-1.22
raw,2026-07-06 06:50:00-04:00,2026-07-06T07:06:29-04:00,USDCAD,crt_range_sweep,CRT_5AM_CRT_9PM_Asia_High,bearish_sweep,1.4210000038146973,1.4219000339508057,0.0009000301361083984,stop,False,False,False,False,0.11,-1.22
raw,2026-07-06 06:00:00-04:00,2026-07-06T07:10:32-04:00,USTEC,crt_range_sweep,CRT_5AM_CRT_1AM_London_High,bearish_sweep,29870.0,29891.5,21.5,stop,False,True,False,False,1.06,-1.21
raw,2026-07-06 06:40:00-04:00,2026-07-06T07:10:33-04:00,USTEC,crt_range_sweep,CRT_5AM_CRT_1AM_London_High,bearish_sweep,29873.25,29885.0,11.75,stop,False,True,True,False,2.21,-1.94
raw,2026-07-06 07:25:00-04:00,2026-07-06T07:40:59-04:00,USDCAD,crt_range_sweep,CRT_5AM_CRT_9PM_Asia_High,bearish_sweep,1.4213000535964966,1.4220000505447388,0.0006999969482421875,stop,False,False,False,False,0.14,-1.14
raw,2026-07-06 07:20:00-04:00,2026-07-06T07:41:00-04:00,XAUUSD,crt_range_sweep,CRT_5AM_CRT_9PM_Asia_Low,bullish_sweep,4169.39990234375,4168.10009765625,1.2998046875,stop,False,True,True,False,2.15,-1.54
raw,2026-07-06 06:15:00-04:00,2026-07-06T07:41:00-04:00,EURUSD,crt_range_sweep,CRT_5AM_CRT_1AM_London_Low,bullish_sweep,1.1422044038772583,1.1418131589889526,0.00039124488830566406,stop,False,False,False,False,0.67,-1.0
m5_cisd,2026-07-06 07:05:00-04:00,2026-07-06T07:43:03-04:00,USTEC,crt_range_sweep,CRT_5AM_CRT_1AM_London_High,bearish_sweep,29842.75,29896.0,53.25,stop,False,False,False,False,-0.0,-1.03
m5_cisd,2026-07-06 07:05:00-04:00,2026-07-06T07:43:03-04:00,USTEC,crt_range_sweep,CRT_5AM_CRT_1AM_London_High,bearish_sweep,29842.75,29896.0,53.25,stop,False,False,False,False,-0.0,-1.03
raw,2026-07-06 07:00:00-04:00,2026-07-06T07:43:04-04:00,USTEC,crt_range_sweep,CRT_5AM_CRT_1AM_London_High,bearish_sweep,29858.75,29896.0,37.25,stop,False,False,False,False,0.46,-1.04
raw,2026-07-06 07:20:00-04:00,2026-07-06T07:43:05-04:00,USTEC,crt_range_sweep,CRT_5AM_CRT_1AM_London_High,bearish_sweep,29869.5,29891.75,22.25,stop,False,False,False,False,-0.0,-1.26
raw,2026-07-06 07:25:00-04:00,2026-07-06T07:43:05-04:00,USTEC,crt_range_sweep,CRT_5AM_CRT_1AM_London_High,bearish_sweep,29878.0,29890.5,12.5,stop,False,False,False,False,0.24,-1.56
raw,2026-07-06 07:30:00-04:00,2026-07-06T07:47:08-04:00,XAUUSD,crt_range_sweep,CRT_5AM_CRT_9PM_Asia_Low,bullish_sweep,4170.60009765625,4167.39990234375,3.2001953125,stop,False,False,False,False,0.0,-1.19
raw,2026-07-06 07:15:00-04:00,2026-07-06T07:53:13-04:00,XAUUSD,crt_range_sweep,CRT_5AM_CRT_9PM_Asia_Low,bullish_sweep,4170.60009765625,4166.0,4.60009765625,stop,False,True,True,True,3.63,-1.02
m5_cisd,2026-07-06 06:15:00-04:00,2026-07-06T07:55:15-04:00,USDCAD,crt_range_sweep,CRT_5AM_CRT_1AM_London_High,bearish_sweep,1.42153000831604,1.4226000308990479,0.0010700225830078125,stop,True,False,False,False,0.68,-1.09
raw,2026-07-06 07:40:00-04:00,2026-07-06T07:55:16-04:00,USTEC,crt_range_sweep,CRT_5AM_CRT_1AM_London_High,bearish_sweep,29882.75,29884.5,1.75,stop,False,False,False,False,-0.0,-6.43
m5_cisd,2026-07-06 07:40:00-04:00,2026-07-06T07:57:18-04:00,USTEC,crt_range_sweep,CRT_5AM_CRT_1AM_London_High,bearish_sweep,29873.75,29897.5,23.75,stop,False,False,False,False,-0.0,-1.05
raw,2026-07-06 07:35:00-04:00,2026-07-06T07:57:18-04:00,USTEC,crt_range_sweep,CRT_5AM_CRT_1AM_London_High,bearish_sweep,29879.5,29895.5,16.0,stop,False,False,False,False,0.53,-1.2
raw,2026-07-06 07:10:00-04:00,2026-07-06T08:05:23-04:00,GBPUSD,crt_range_sweep,CRT_5AM_CRT_9PM_Asia_Low,bullish_sweep,1.3340626955032349,1.3338135480880737,0.0002491474151611328,all_targets,True,True,True,True,3.79,-0.93
raw,2026-07-06 07:15:00-04:00,2026-07-06T08:05:24-04:00,GBPUSD,crt_range_sweep,CRT_5AM_CRT_9PM_Asia_Low,bullish_sweep,1.334098219871521,1.3338313102722168,0.0002669095993041992,all_targets,True,True,True,True,3.4,-0.33
m5_cisd,2026-07-06 07:25:00-04:00,2026-07-06T08:11:30-04:00,GBPUSD,crt_range_sweep,CRT_5AM_CRT_9PM_Asia_Low,bullish_sweep,1.334294080734253,1.3340091705322266,0.0002849102020263672,all_targets,True,True,True,True,3.0,-0.5
raw,2026-07-06 07:55:00-04:00,2026-07-06T08:15:35-04:00,USTEC,crt_range_sweep,CRT_5AM_CRT_1AM_London_High,bearish_sweep,29878.0,29915.0,37.0,stop,False,False,False,False,0.34,-1.03
raw,2026-07-06 08:00:00-04:00,2026-07-06T08:15:35-04:00,USTEC,crt_range_sweep,CRT_5AM_CRT_1AM_London_High,bearish_sweep,29881.25,29908.25,27.0,stop,False,False,False,False,-0.0,-1.1
raw,2026-07-06 07:05:00-04:00,2026-07-06T08:19:40-04:00,USTEC,crt_range_sweep,CRT_5AM_CRT_5PM_CBDR_Low,bullish_sweep,29851.5,29841.75,9.75,all_targets,True,True,True,True,7.97,-0.59
m5_cisd,2026-07-06 07:15:00-04:00,2026-07-06T08:19:41-04:00,USTEC,crt_range_sweep,CRT_5AM_CRT_5PM_CBDR_Low,bullish_sweep,29864.5,29845.75,18.75,all_targets,True,True,True,True,3.45,0.0
raw,2026-07-06 08:05:00-04:00,2026-07-06T08:21:42-04:00,XAUUSD,crt_range_sweep,CRT_5AM_CRT_9PM_Asia_Low,bullish_sweep,4169.60009765625,4168.60009765625,1.0,stop,False,False,False,False,17.7,-2.8
raw,2026-07-06 08:00:00-04:00,2026-07-06T08:25:47-04:00,XAUUSD,crt_range_sweep,CRT_5AM_CRT_9PM_Asia_Low,bullish_sweep,4169.60009765625,4165.7998046875,3.80029296875,stop,False,True,True,True,4.66,-1.08
raw,2026-07-06 08:10:00-04:00,2026-07-06T08:25:47-04:00,USTEC,crt_range_sweep,CRT_5AM_CRT_9PM_Asia_High,bearish_sweep,29924.25,29936.0,11.75,stop,False,False,False,False,-0.0,-1.0
m5_cisd,2026-07-06 06:10:00-04:00,2026-07-06T08:42:00-04:00,USDCAD,crt_range_sweep,CRT_1AM_CRT_5PM_CBDR_High,bearish_sweep,1.4220199584960938,1.423200011253357,0.0011800527572631836,stop,False,True,False,False,1.03,-1.08
m5_cisd,2026-07-06 06:10:00-04:00,2026-07-06T08:42:00-04:00,USDCAD,crt_range_sweep,CRT_1AM_CRT_5PM_CBDR_High,bearish_sweep,1.4220199584960938,1.423200011253357,0.0011800527572631836,stop,False,True,False,False,1.03,-1.08
m5_cisd,2026-07-06 06:10:00-04:00,2026-07-06T08:42:01-04:00,USDCAD,crt_range_sweep,CRT_1AM_CRT_9PM_Asia_High,bearish_sweep,1.4220199584960938,1.423200011253357,0.0011800527572631836,stop,False,True,False,False,1.03,-1.08
m5_cisd,2026-07-06 06:10:00-04:00,2026-07-06T08:42:01-04:00,USDCAD,crt_range_sweep,CRT_1AM_CRT_9PM_Asia_High,bearish_sweep,1.4220199584960938,1.423200011253357,0.0011800527572631836,stop,False,True,False,False,1.03,-1.08
m5_cisd,2026-07-06 06:10:00-04:00,2026-07-06T08:42:02-04:00,USDCAD,crt_range_sweep,CRT_1AM_CRT_9PM_Asia_High,bearish_sweep,1.4220199584960938,1.423200011253357,0.0011800527572631836,stop,False,True,False,False,1.03,-1.08
m5_cisd,2026-07-06 06:10:00-04:00,2026-07-06T08:42:02-04:00,USDCAD,crt_range_sweep,CRT_1AM_CRT_9PM_Asia_High,bearish_sweep,1.4220199584960938,1.423200011253357,0.0011800527572631836,stop,False,True,False,False,1.03,-1.08
m5_cisd,2026-07-06 06:10:00-04:00,2026-07-06T08:42:03-04:00,USDCAD,crt_range_sweep,CRT_1AM_CRT_9PM_Asia_High,bearish_sweep,1.4220199584960938,1.423200011253357,0.0011800527572631836,stop,False,True,False,False,1.03,-1.08
m5_cisd,2026-07-06 06:10:00-04:00,2026-07-06T08:42:03-04:00,USDCAD,crt_range_sweep,CRT_1AM_CRT_9PM_Asia_High,bearish_sweep,1.4220199584960938,1.423200011253357,0.0011800527572631836,stop,False,True,False,False,1.03,-1.08
raw,2026-07-06 08:25:00-04:00,2026-07-06T08:42:04-04:00,USDCAD,crt_range_sweep,CRT_5AM_CRT_1AM_London_High,bearish_sweep,1.4227800369262695,1.4230600595474243,0.00028002262115478516,stop,False,True,False,False,1.36,-1.86
raw,2026-07-06 08:10:00-04:00,2026-07-06T08:42:04-04:00,EURUSD,crt_range_sweep,CRT_5AM_CRT_1AM_London_Low,bullish_sweep,1.1420739889144897,1.1418131589889526,0.0002608299255371094,stop,False,False,False,False,0.5,-1.0
raw,2026-07-06 08:25:00-04:00,2026-07-06T08:42:05-04:00,USTEC,crt_range_sweep,CRT_5AM_CRT_1AM_London_High,bearish_sweep,29877.75,29887.0,9.25,stop,False,False,False,False,-0.0,-2.68
m5_cisd,2026-07-06 07:25:00-04:00,2026-07-06T08:50:10-04:00,GBPUSD,crt_range_sweep,CRT_5AM_CRT_9PM_Asia_Low,bullish_sweep,1.334294080734253,1.3338313102722168,0.0004627704620361328,stop,True,True,False,False,1.85,-1.0
m5_cisd,2026-07-06 08:25:00-04:00,2026-07-06T09:04:19-04:00,USTEC,crt_range_sweep,CRT_5AM_CRT_9PM_Asia_High,bearish_sweep,29877.75,29929.5,51.75,stop,False,False,False,False,-0.0,-1.06
raw,2026-07-06 08:20:00-04:00,2026-07-06T09:04:20-04:00,USTEC,crt_range_sweep,CRT_5AM_CRT_1AM_London_High,bearish_sweep,29882.25,29929.5,47.25,stop,False,False,False,False,0.13,-1.06
m5_cisd,2026-07-06 08:20:00-04:00,2026-07-06T09:10:25-04:00,USTEC,crt_range_sweep,CRT_5AM_CRT_1AM_London_High,bearish_sweep,29894.75,29936.0,41.25,stop,False,False,False,False,0.45,-1.05
m5_cisd,2026-07-06 08:20:00-04:00,2026-07-06T09:10:25-04:00,USTEC,crt_range_sweep,CRT_5AM_CRT_9PM_Asia_High,bearish_sweep,29910.5,29936.0,25.5,stop,False,True,False,False,1.34,-1.08
raw,2026-07-06 08:15:00-04:00,2026-07-06T09:10:26-04:00,USTEC,crt_range_sweep,CRT_5AM_CRT_9PM_Asia_High,bearish_sweep,29930.0,29936.0,6.0,stop,False,True,True,True,8.96,-1.33
raw,2026-07-06 08:05:00-04:00,2026-07-06T09:16:33-04:00,GBPUSD,crt_range_sweep,CRT_5AM_CRT_1AM_London_High,bearish_sweep,1.3347214460372925,1.3351491689682007,0.0004277229309082031,stop,True,True,True,False,2.08,-1.04
m5_cisd,2026-07-06 08:40:00-04:00,2026-07-06T09:16:33-04:00,GBPUSD,crt_range_sweep,CRT_5AM_CRT_1AM_London_High,bearish_sweep,1.334098219871521,1.3350956439971924,0.0009974241256713867,stop,True,False,False,False,0.27,-1.07
raw,2026-07-06 06:10:00-04:00,2026-07-06T09:20:38-04:00,GBPUSD,crt_range_sweep,CRT_5AM_CRT_9PM_Asia_Low,bullish_sweep,1.3340270519256592,1.3336355686187744,0.0003914833068847656,all_targets,True,True,True,True,3.23,-0.91
raw,2026-07-06 09:10:00-04:00,2026-07-06T09:20:38-04:00,GBPUSD,crt_range_sweep,CRT_9AM_CRT_5AM_High,bearish_sweep,1.3349887132644653,1.3351670503616333,0.00017833709716796875,stop,False,False,False,False,-0.0,-1.7
raw,2026-07-06 09:05:00-04:00,2026-07-06T09:24:43-04:00,XAUUSD,crt_range_sweep,CRT_9AM_CRT_1AM_London_Low,bullish_sweep,4157.39990234375,4154.60009765625,2.7998046875,stop,False,True,False,False,1.11,-1.61
raw,2026-07-06 09:00:00-04:00,2026-07-06T09:24:44-04:00,USTEC,crt_range_sweep,CRT_9AM_CRT_5AM_High,bearish_sweep,29934.0,29938.0,4.0,all_targets,True,True,True,True,19.69,-0.0
raw,2026-07-06 09:15:00-04:00,2026-07-06T09:26:46-04:00,GBPUSD,crt_range_sweep,CRT_9AM_CRT_5AM_High,bearish_sweep,1.3350600004196167,1.3352917432785034,0.00023174285888671875,stop,False,False,False,False,0.15,-1.08
raw,2026-07-06 09:10:00-04:00,2026-07-06T09:26:47-04:00,XAUUSD,crt_range_sweep,CRT_9AM_CRT_1AM_London_Low,bullish_sweep,4156.5,4156.10009765625,0.39990234375,stop,False,False,False,False,0.0,-14.5
m5_cisd,2026-07-06 09:10:00-04:00,2026-07-06T09:28:49-04:00,USTEC,crt_range_sweep,CRT_9AM_CRT_5AM_High,bearish_sweep,29885.75,29903.75,18.0,all_targets,True,True,True,True,3.18,-0.0
raw,2026-07-06 09:00:00-04:00,2026-07-06T09:30:52-04:00,XAUUSD,crt_range_sweep,CRT_9AM_CRT_1AM_London_Low,bullish_sweep,4157.5,4148.89990234375,8.60009765625,all_targets,True,True,True,True,3.47,-0.79
raw,2026-07-06 06:00:00-04:00,2026-07-06T09:32:56-04:00,US500,crt_range_sweep,CRT_5AM_CRT_9PM_Asia_High,bearish_sweep,7565.25,7566.5,1.25,all_targets,True,True,True,True,10.8,-0.6
raw,2026-07-06 09:20:00-04:00,2026-07-06T09:37:01-04:00,US500,pdh_pdl_sweep,PDH,bearish_sweep,7554.0,7555.5,1.5,stop,,False,False,False,0.17,-1.33
raw,2026-07-06 09:15:00-04:00,2026-07-06T09:39:03-04:00,US500,pdh_pdl_sweep,PDH,bearish_sweep,7554.5,7556.25,1.75,stop,,True,False,False,1.57,-5.86
m5_cisd,2026-07-06 04:10:00-04:00,2026-07-06T09:41:07-04:00,US500,pdh_pdl_sweep,PDH,bearish_sweep,7560.5,7566.75,6.25,stop,,True,False,False,1.4,-2.0
m5_cisd,2026-07-06 07:00:00-04:00,2026-07-06T09:41:07-04:00,US500,crt_range_sweep,CRT_5AM_CRT_9PM_Asia_High,bearish_sweep,7560.0,7566.0,6.0,stop,True,True,False,False,1.38,-2.17
raw,2026-07-06 09:25:00-04:00,2026-07-06T09:41:08-04:00,US500,crt_range_sweep,CRT_9AM_CRT_5AM_Low,bullish_sweep,7555.75,7553.75,2.0,all_targets,True,True,True,True,8.62,0.0
raw,2026-07-06 09:00:00-04:00,2026-07-06T09:41:08-04:00,USTEC,crt_range_sweep,CRT_9AM_CRT_9PM_Asia_High,bearish_sweep,29909.5,29938.0,28.5,all_targets,True,True,True,True,4.68,-0.0
m5_cisd,2026-07-06 09:10:00-04:00,2026-07-06T09:41:09-04:00,USTEC,crt_range_sweep,CRT_9AM_CRT_9PM_Asia_High,bearish_sweep,29885.75,29903.75,18.0,all_targets,True,True,True,True,6.08,-0.51
raw,2026-07-06 09:10:00-04:00,2026-07-06T09:41:09-04:00,USTEC,crt_range_sweep,CRT_9AM_CRT_1AM_London_High,bearish_sweep,29860.25,29893.25,33.0,stop,False,True,False,False,2.55,-1.05
raw,2026-07-06 09:25:00-04:00,2026-07-06T09:41:10-04:00,USTEC,crt_range_sweep,CRT_9AM_CRT_5AM_Low,bullish_sweep,29832.75,29820.25,12.5,stop,False,False,False,False,4.98,-4.52
m5_cisd,2026-07-06 09:05:00-04:00,2026-07-06T09:45:18-04:00,USTEC,crt_range_sweep,CRT_5AM_CRT_1AM_London_High,bearish_sweep,29889.5,29938.0,48.5,stop,True,True,True,False,2.34,-1.03
m5_cisd,2026-07-06 09:05:00-04:00,2026-07-06T09:45:19-04:00,USTEC,crt_range_sweep,CRT_5AM_CRT_1AM_London_High,bearish_sweep,29889.5,29938.0,48.5,stop,True,True,True,False,2.34,-1.03
m5_cisd,2026-07-06 09:05:00-04:00,2026-07-06T09:45:19-04:00,USTEC,crt_range_sweep,CRT_5AM_CRT_1AM_London_High,bearish_sweep,29889.5,29938.0,48.5,stop,True,True,True,False,2.34,-1.03
m5_cisd,2026-07-06 09:05:00-04:00,2026-07-06T09:45:20-04:00,USTEC,crt_range_sweep,CRT_5AM_CRT_1AM_London_High,bearish_sweep,29889.5,29938.0,48.5,stop,True,True,True,False,2.34,-1.03
m5_cisd,2026-07-06 09:05:00-04:00,2026-07-06T09:45:20-04:00,USTEC,crt_range_sweep,CRT_5AM_CRT_1AM_London_High,bearish_sweep,29889.5,29938.0,48.5,stop,True,True,True,False,2.34,-1.03
m5_cisd,2026-07-06 09:05:00-04:00,2026-07-06T09:45:21-04:00,USTEC,crt_range_sweep,CRT_5AM_CRT_1AM_London_High,bearish_sweep,29889.5,29938.0,48.5,stop,True,True,True,False,2.34,-1.03
m5_cisd,2026-07-06 09:05:00-04:00,2026-07-06T09:45:21-04:00,USTEC,crt_range_sweep,CRT_5AM_CRT_1AM_London_High,bearish_sweep,29889.5,29938.0,48.5,stop,True,True,True,False,2.34,-1.03
raw,2026-07-06 09:30:00-04:00,2026-07-06T09:45:22-04:00,USTEC,crt_range_sweep,CRT_9AM_CRT_1AM_London_High,bearish_sweep,29876.75,29895.0,18.25,stop,False,False,False,False,-0.0,-2.82
raw,2026-07-06 09:30:00-04:00,2026-07-06T09:47:27-04:00,USTEC,crt_range_sweep,CRT_9AM_CRT_9PM_Asia_High,bearish_sweep,29926.5,29939.25,12.75,all_targets,True,True,True,True,11.02,-0.14
raw,2026-07-06 09:30:00-04:00,2026-07-06T09:47:27-04:00,USTEC,crt_range_sweep,CRT_9AM_CRT_5AM_High,bearish_sweep,29926.5,29939.25,12.75,all_targets,True,True,True,True,11.02,-0.14
raw,2026-07-06 09:40:00-04:00,2026-07-06T09:55:35-04:00,GBPUSD,crt_range_sweep,CRT_9AM_CRT_1AM_London_High,bearish_sweep,1.3349530696868896,1.3350956439971924,0.00014257431030273438,stop,False,True,True,True,4.0,-1.12
m5_cisd,2026-07-06 09:20:00-04:00,2026-07-06T09:55:35-04:00,XAUUSD,crt_range_sweep,CRT_9AM_CRT_1AM_London_Low,bullish_sweep,4157.7998046875,4150.7001953125,7.099609375,all_targets,True,True,True,True,4.16,-0.49
raw,2026-07-06 09:20:00-04:00,2026-07-06T09:55:36-04:00,XAUUSD,crt_range_sweep,CRT_9AM_CRT_1AM_London_Low,bullish_sweep,4157.7998046875,4151.5,6.2998046875,all_targets,True,True,True,True,4.68,-0.56
raw,2026-07-06 09:30:00-04:00,2026-07-06T09:55:36-04:00,XAUUSD,crt_range_sweep,CRT_9AM_CRT_1AM_London_Low,bullish_sweep,4159.39990234375,4154.2998046875,5.10009765625,all_targets,True,True,True,True,5.47,-0.63
raw,2026-07-06 09:35:00-04:00,2026-07-06T09:55:37-04:00,XAUUSD,crt_range_sweep,CRT_9AM_CRT_1AM_London_Low,bullish_sweep,4159.0,4156.2001953125,2.7998046875,all_targets,True,True,True,True,10.11,-0.89
raw,2026-07-06 09:35:00-04:00,2026-07-06T09:55:37-04:00,USTEC,crt_range_sweep,CRT_9AM_CRT_1AM_London_High,bearish_sweep,29835.5,29928.25,92.75,stop,False,False,False,False,-0.0,-1.34
raw,2026-07-06 09:40:00-04:00,2026-07-06T09:55:38-04:00,USTEC,crt_range_sweep,CRT_9AM_CRT_1AM_London_High,bearish_sweep,29871.25,29925.0,53.75,stop,False,False,False,False,-0.0,-1.64
m5_cisd,2026-07-06 02:30:00-04:00,2026-07-06T10:01:49-04:00,US500,crt_range_sweep,CRT_1AM_CRT_5PM_CBDR_Low,bullish_sweep,7553.0,7546.25,6.75,all_targets,True,True,True,True,3.11,-0.19
raw,2026-07-06 09:35:00-04:00,2026-07-06T10:01:50-04:00,US500,crt_range_sweep,CRT_9AM_CRT_9PM_Asia_High,bearish_sweep,7563.75,7570.0,6.25,stop,False,True,False,False,1.32,-1.64
raw,2026-07-06 09:35:00-04:00,2026-07-06T10:01:50-04:00,US500,crt_range_sweep,CRT_9AM_CRT_1AM_London_High,bearish_sweep,7563.75,7570.0,6.25,stop,True,True,False,False,1.32,-1.64
raw,2026-07-06 09:35:00-04:00,2026-07-06T10:01:51-04:00,US500,crt_range_sweep,CRT_9AM_CRT_5AM_High,bearish_sweep,7563.75,7570.0,6.25,stop,True,True,False,False,1.32,-1.64
raw,2026-07-06 09:35:00-04:00,2026-07-06T10:01:51-04:00,US500,crt_range_sweep,CRT_9AM_CRT_5AM_Low,bullish_sweep,7559.5,7555.0,4.5,all_targets,True,True,True,True,3.22,-0.89
raw,2026-07-06 09:45:00-04:00,2026-07-06T10:01:52-04:00,US500,crt_range_sweep,CRT_9AM_CRT_9PM_Asia_High,bearish_sweep,7564.5,7569.75,5.25,stop,False,False,False,False,-0.0,-1.81
raw,2026-07-06 09:45:00-04:00,2026-07-06T10:01:52-04:00,US500,crt_range_sweep,CRT_9AM_CRT_1AM_London_High,bearish_sweep,7564.5,7569.75,5.25,stop,False,False,False,False,-0.0,-1.81
raw,2026-07-06 09:45:00-04:00,2026-07-06T10:01:53-04:00,US500,crt_range_sweep,CRT_9AM_CRT_5AM_High,bearish_sweep,7564.5,7569.75,5.25,stop,False,False,False,False,-0.0,-1.81
m5_cisd,2026-07-06 06:35:00-04:00,2026-07-06T10:01:53-04:00,EURUSD,pdh_pdl_sweep,PDL,bullish_sweep,1.1423349380493164,1.141291856765747,0.001043081283569336,stop,,False,False,False,0.25,-1.12
m5_cisd,2026-07-06 09:05:00-04:00,2026-07-06T10:01:54-04:00,EURUSD,crt_range_sweep,CRT_5AM_CRT_1AM_London_Low,bullish_sweep,1.1419435739517212,1.141422152519226,0.0005214214324951172,stop,False,True,False,False,1.25,-1.5
m5_cisd,2026-07-06 09:05:00-04:00,2026-07-06T10:01:54-04:00,EURUSD,crt_range_sweep,CRT_5AM_CRT_1AM_London_Low,bullish_sweep,1.1419435739517212,1.141422152519226,0.0005214214324951172,stop,False,True,False,False,1.25,-1.5
raw,2026-07-06 09:25:00-04:00,2026-07-06T10:01:55-04:00,EURUSD,crt_range_sweep,CRT_9AM_CRT_5AM_High,bearish_sweep,1.1423349380493164,1.1425960063934326,0.00026106834411621094,all_targets,True,True,True,True,4.49,-0.5
m5_cisd,2026-07-06 09:35:00-04:00,2026-07-06T10:01:55-04:00,EURUSD,crt_range_sweep,CRT_9AM_CRT_5AM_High,bearish_sweep,1.1422044038772583,1.1424654722213745,0.00026106834411621094,all_targets,True,True,True,True,3.99,-0.0
raw,2026-07-06 09:35:00-04:00,2026-07-06T10:01:56-04:00,USTEC,crt_range_sweep,CRT_9AM_CRT_5AM_Low,bullish_sweep,29835.5,29786.0,49.5,all_targets,True,True,True,True,3.51,0.0
raw,2026-07-06 09:45:00-04:00,2026-07-06T10:01:56-04:00,USTEC,crt_range_sweep,CRT_9AM_CRT_9PM_Asia_High,bearish_sweep,29924.75,29967.25,42.5,stop,False,False,False,False,-0.0,-1.98
raw,2026-07-06 09:45:00-04:00,2026-07-06T10:01:57-04:00,USTEC,crt_range_sweep,CRT_9AM_CRT_5AM_High,bearish_sweep,29924.75,29967.25,42.5,stop,False,False,False,False,-0.0,-1.98
raw,2026-07-06 09:15:00-04:00,2026-07-06T10:06:02-04:00,USDCAD,crt_range_sweep,CRT_9AM_CRT_1AM_London_High,bearish_sweep,1.4221999645233154,1.4228299856185913,0.0006300210952758789,stop,True,True,False,False,1.59,-1.46
raw,2026-07-06 09:50:00-04:00,2026-07-06T10:06:03-04:00,XAUUSD,crt_range_sweep,CRT_9AM_CRT_1AM_London_Low,bullish_sweep,4157.2001953125,4156.2998046875,0.900390625,stop,False,False,False,False,1.44,-3.11
m5_cisd,2026-07-06 09:30:00-04:00,2026-07-06T10:08:05-04:00,XAUUSD,crt_range_sweep,CRT_9AM_CRT_1AM_London_Low,bullish_sweep,4161.2001953125,4150.7001953125,10.5,stop,True,True,True,False,2.49,-1.34
m5_cisd,2026-07-06 09:30:00-04:00,2026-07-06T10:08:05-04:00,XAUUSD,crt_range_sweep,CRT_9AM_CRT_1AM_London_Low,bullish_sweep,4161.2001953125,4150.7001953125,10.5,stop,True,True,True,False,2.49,-1.34
raw,2026-07-06 09:45:00-04:00,2026-07-06T10:08:06-04:00,XAUUSD,crt_range_sweep,CRT_9AM_CRT_9PM_Asia_Low,bullish_sweep,4187.2998046875,4153.7001953125,33.599609375,stop,False,False,False,False,0.0,-1.2
raw,2026-07-06 09:45:00-04:00,2026-07-06T10:08:06-04:00,XAUUSD,crt_range_sweep,CRT_9AM_CRT_1AM_London_Low,bullish_sweep,4187.2998046875,4153.7001953125,33.599609375,stop,,False,False,False,0.0,-1.2
m5_cisd,2026-07-06 09:40:00-04:00,2026-07-06T10:10:08-04:00,GBPUSD,crt_range_sweep,CRT_9AM_CRT_9PM_Asia_High,bearish_sweep,1.3349530696868896,1.3351848125457764,0.00023174285888671875,stop,True,True,True,False,2.92,-2.0
raw,2026-07-06 09:50:00-04:00,2026-07-06T10:10:09-04:00,GBPUSD,crt_range_sweep,CRT_9AM_CRT_1AM_London_High,bearish_sweep,1.3347392082214355,1.3351134061813354,0.00037419795989990234,stop,False,True,False,False,1.24,-1.81
raw,2026-07-06 09:55:00-04:00,2026-07-06T10:12:11-04:00,US500,crt_range_sweep,CRT_9AM_CRT_9PM_Asia_High,bearish_sweep,7565.25,7567.75,2.5,stop,False,True,True,False,2.7,-1.4
raw,2026-07-06 09:55:00-04:00,2026-07-06T10:12:11-04:00,US500,crt_range_sweep,CRT_9AM_CRT_1AM_London_High,bearish_sweep,7565.25,7567.75,2.5,stop,False,True,True,False,2.7,-1.4
raw,2026-07-06 09:55:00-04:00,2026-07-06T10:12:12-04:00,US500,crt_range_sweep,CRT_9AM_CRT_5AM_High,bearish_sweep,7565.25,7567.75,2.5,stop,True,True,True,False,2.7,-1.4
m5_cisd,2026-07-06 09:40:00-04:00,2026-07-06T10:16:15-04:00,GBPUSD,crt_range_sweep,CRT_9AM_CRT_5AM_High,bearish_sweep,1.3349530696868896,1.3356127738952637,0.0006597042083740234,stop,False,True,False,False,1.03,-1.14
m5_cisd,2026-07-06 09:40:00-04:00,2026-07-06T10:16:16-04:00,GBPUSD,crt_range_sweep,CRT_9AM_CRT_5AM_High,bearish_sweep,1.3349530696868896,1.3356127738952637,0.0006597042083740234,stop,False,True,False,False,1.03,-1.14
raw,2026-07-06 09:30:00-04:00,2026-07-06T10:16:16-04:00,GBPUSD,crt_range_sweep,CRT_9AM_CRT_9PM_Asia_High,bearish_sweep,1.335220456123352,1.3356127738952637,0.0003923177719116211,stop,True,True,True,False,2.41,-1.23
m5_cisd,2026-07-06 10:00:00-04:00,2026-07-06T10:18:18-04:00,XAUUSD,crt_range_sweep,CRT_9AM_CRT_1AM_London_Low,bullish_sweep,4158.7998046875,4147.10009765625,11.69970703125,stop,False,False,False,False,0.0,-1.11
raw,2026-07-06 09:55:00-04:00,2026-07-06T10:18:19-04:00,USTEC,crt_range_sweep,CRT_9AM_CRT_5AM_High,bearish_sweep,29932.5,29988.25,55.75,stop,False,False,False,False,0.52,-1.1
m5_cisd,2026-07-06 10:00:00-04:00,2026-07-06T10:22:22-04:00,USTEC,crt_range_sweep,CRT_9AM_CRT_9PM_Asia_High,bearish_sweep,29911.75,30009.0,97.25,stop,False,False,False,False,-0.0,-1.1
m5_cisd,2026-07-06 10:00:00-04:00,2026-07-06T10:22:22-04:00,USTEC,crt_range_sweep,CRT_9AM_CRT_5AM_High,bearish_sweep,29911.75,30009.0,97.25,stop,False,False,False,False,-0.0,-1.1
m5_cisd,2026-07-06 10:00:00-04:00,2026-07-06T10:32:29-04:00,US500,crt_range_sweep,CRT_9AM_CRT_9PM_Asia_High,bearish_sweep,7559.25,7574.0,14.75,stop,False,False,False,False,0.02,-1.05
m5_cisd,2026-07-06 10:00:00-04:00,2026-07-06T10:32:30-04:00,US500,crt_range_sweep,CRT_9AM_CRT_1AM_London_High,bearish_sweep,7559.25,7574.0,14.75,stop,False,False,False,False,0.02,-1.05
m5_cisd,2026-07-06 10:00:00-04:00,2026-07-06T10:32:30-04:00,US500,crt_range_sweep,CRT_9AM_CRT_5AM_High,bearish_sweep,7559.25,7574.0,14.75,stop,,False,False,False,0.02,-1.05
m5_cisd,2026-07-06 10:05:00-04:00,2026-07-06T10:46:40-04:00,EURUSD,crt_range_sweep,CRT_9AM_CRT_5AM_Low,bullish_sweep,1.1420739889144897,1.1415525674819946,0.0005214214324951172,stop,,False,False,False,0.25,-1.0
m5_cisd,2026-07-06 10:30:00-04:00,2026-07-06T10:48:42-04:00,XAUUSD,crt_range_sweep,CRT_9AM_CRT_1AM_London_Low,bullish_sweep,4153.39990234375,4144.7001953125,8.69970703125,all_targets,True,True,True,True,3.9,-0.32
m5_cisd,2026-07-06 10:30:00-04:00,2026-07-06T10:48:42-04:00,XAUUSD,crt_range_sweep,CRT_9AM_CRT_1AM_London_Low,bullish_sweep,4153.39990234375,4144.7001953125,8.69970703125,all_targets,True,True,True,True,3.9,-0.32
m5_cisd,2026-07-06 10:30:00-04:00,2026-07-06T10:48:43-04:00,XAUUSD,crt_range_sweep,CRT_9AM_CRT_1AM_London_Low,bullish_sweep,4153.39990234375,4144.7001953125,8.69970703125,all_targets,True,True,True,True,3.9,-0.32
m5_cisd,2026-07-06 10:30:00-04:00,2026-07-06T10:48:43-04:00,XAUUSD,crt_range_sweep,CRT_9AM_CRT_1AM_London_Low,bullish_sweep,4153.39990234375,4144.7001953125,8.69970703125,all_targets,True,True,True,True,3.9,-0.32
m5_cisd,2026-07-06 10:30:00-04:00,2026-07-06T10:54:47-04:00,XAUUSD,crt_range_sweep,CRT_9AM_CRT_9PM_Asia_Low,bullish_sweep,4153.39990234375,4144.7001953125,8.69970703125,stop,False,True,True,True,3.9,-1.47
m5_cisd,2026-07-06 10:30:00-04:00,2026-07-06T11:06:56-04:00,GBPUSD,crt_range_sweep,CRT_9AM_CRT_1AM_London_High,bearish_sweep,1.335577130317688,1.335862636566162,0.0002855062484741211,stop,False,True,True,False,2.56,-1.56
m5_cisd,2026-07-06 10:30:00-04:00,2026-07-06T11:06:56-04:00,GBPUSD,crt_range_sweep,CRT_9AM_CRT_1AM_London_High,bearish_sweep,1.335577130317688,1.335862636566162,0.0002855062484741211,stop,False,True,True,False,2.56,-1.56
m5_cisd,2026-07-06 11:10:00-04:00,2026-07-06T11:42:21-04:00,USTEC,crt_range_sweep,CRT_9AM_CRT_1AM_London_High,bearish_sweep,29976.75,30067.5,90.75,stop,False,False,False,False,0.39,-1.06
m5_cisd,2026-07-06 11:10:00-04:00,2026-07-06T11:42:21-04:00,USTEC,crt_range_sweep,CRT_9AM_CRT_1AM_London_High,bearish_sweep,29976.75,30067.5,90.75,stop,False,False,False,False,0.39,-1.06
m5_cisd,2026-07-06 11:10:00-04:00,2026-07-06T11:42:22-04:00,USTEC,crt_range_sweep,CRT_9AM_CRT_9PM_Asia_High,bearish_sweep,29976.75,30067.5,90.75,stop,False,False,False,False,0.39,-1.06
m5_cisd,2026-07-06 11:10:00-04:00,2026-07-06T11:42:22-04:00,USTEC,crt_range_sweep,CRT_9AM_CRT_5AM_High,bearish_sweep,29976.75,30067.5,90.75,stop,False,False,False,False,0.39,-1.06
m5_cisd,2026-07-06 11:10:00-04:00,2026-07-06T11:42:23-04:00,USTEC,crt_range_sweep,CRT_9AM_CRT_1AM_London_High,bearish_sweep,29976.75,30067.5,90.75,stop,False,False,False,False,0.39,-1.06
m5_cisd,2026-07-06 11:10:00-04:00,2026-07-06T11:42:23-04:00,USTEC,crt_range_sweep,CRT_9AM_CRT_1AM_London_High,bearish_sweep,29976.75,30067.5,90.75,stop,False,False,False,False,0.39,-1.06
m5_cisd,2026-07-06 11:10:00-04:00,2026-07-06T11:42:24-04:00,USTEC,crt_range_sweep,CRT_9AM_CRT_5AM_High,bearish_sweep,29976.75,30067.5,90.75,stop,False,False,False,False,0.39,-1.06
m5_cisd,2026-07-06 07:25:00-04:00,2026-07-06T11:46:27-04:00,GBPUSD,crt_range_sweep,CRT_5AM_CRT_9PM_Asia_Low,bullish_sweep,1.334294080734253,1.33367121219635,0.000622868537902832,all_targets,True,True,True,True,3.23,-0.74
raw,2026-07-06 09:55:00-04:00,2026-07-06T11:50:32-04:00,EURUSD,crt_range_sweep,CRT_9AM_CRT_5AM_Low,bullish_sweep,1.1415525674819946,1.1411616802215576,0.0003908872604370117,all_targets,True,True,True,True,3.0,0.0
m5_cisd,2026-07-06 12:25:00-04:00,2026-07-06T13:15:36-04:00,US500,pdh_pdl_sweep,PDH,bearish_sweep,7585.25,7590.5,5.25,stop,,False,False,False,0.48,-1.29
m5_cisd,2026-07-06 12:25:00-04:00,2026-07-06T13:15:37-04:00,US500,pdh_pdl_sweep,PDH,bearish_sweep,7585.25,7590.5,5.25,stop,,False,False,False,0.48,-1.29
m5_cisd,2026-07-06 12:25:00-04:00,2026-07-06T13:15:38-04:00,US500,crt_range_sweep,CRT_9AM_CRT_9PM_Asia_High,bearish_sweep,7585.25,7590.5,5.25,stop,False,False,False,False,0.48,-1.29
m5_cisd,2026-07-06 12:25:00-04:00,2026-07-06T13:15:38-04:00,US500,crt_range_sweep,CRT_9AM_CRT_1AM_London_High,bearish_sweep,7585.25,7590.5,5.25,stop,False,False,False,False,0.48,-1.29
m5_cisd,2026-07-06 12:25:00-04:00,2026-07-06T13:15:38-04:00,US500,crt_range_sweep,CRT_9AM_CRT_5AM_High,bearish_sweep,7585.25,7590.5,5.25,stop,False,False,False,False,0.48,-1.29
m5_cisd,2026-07-06 12:25:00-04:00,2026-07-06T13:15:39-04:00,US500,crt_range_sweep,CRT_9AM_CRT_9PM_Asia_High,bearish_sweep,7585.25,7590.5,5.25,stop,False,False,False,False,0.48,-1.29
m5_cisd,2026-07-06 12:25:00-04:00,2026-07-06T13:15:40-04:00,US500,crt_range_sweep,CRT_9AM_CRT_1AM_London_High,bearish_sweep,7585.25,7590.5,5.25,stop,False,False,False,False,0.48,-1.29
m5_cisd,2026-07-06 12:25:00-04:00,2026-07-06T13:15:40-04:00,US500,crt_range_sweep,CRT_9AM_CRT_5AM_High,bearish_sweep,7585.25,7590.5,5.25,stop,False,False,False,False,0.48,-1.29
m5_cisd,2026-07-06 03:15:00-04:00,2026-07-06T13:25:48-04:00,GBPUSD,crt_range_sweep,CRT_1AM_CRT_9PM_Asia_Low,bullish_sweep,1.3342405557632446,1.3329956531524658,0.0012449026107788086,all_targets,True,True,True,True,3.05,-0.87
m5_cisd,2026-07-06 03:15:00-04:00,2026-07-06T13:25:49-04:00,GBPUSD,pdh_pdl_sweep,PDL,bullish_sweep,1.3342405557632446,1.3329956531524658,0.0012449026107788086,all_targets,,True,True,True,3.05,-0.87
m5_cisd,2026-07-06 09:15:00-04:00,2026-07-06T17:06:25-04:00,USDCAD,crt_range_sweep,CRT_5AM_CRT_5PM_CBDR_High,bearish_sweep,1.4221999645233154,1.4238500595092773,0.001650094985961914,expired,True,True,False,False,1.39,-0.77
m5_cisd,2026-07-06 09:15:00-04:00,2026-07-06T17:06:25-04:00,USDCAD,crt_range_sweep,CRT_5AM_CRT_9PM_Asia_High,bearish_sweep,1.4221999645233154,1.4238500595092773,0.001650094985961914,expired,True,True,False,False,1.39,-0.77
m5_cisd,2026-07-06 09:15:00-04:00,2026-07-06T17:06:26-04:00,USDCAD,crt_range_sweep,CRT_5AM_CRT_5PM_CBDR_High,bearish_sweep,1.4221999645233154,1.4238500595092773,0.001650094985961914,expired,True,True,False,False,1.39,-0.77
m5_cisd,2026-07-06 09:15:00-04:00,2026-07-06T17:06:26-04:00,USDCAD,crt_range_sweep,CRT_5AM_CRT_9PM_Asia_High,bearish_sweep,1.4221999645233154,1.4238500595092773,0.001650094985961914,expired,True,True,False,False,1.39,-0.77
m5_cisd,2026-07-06 09:15:00-04:00,2026-07-06T17:06:27-04:00,USDCAD,crt_range_sweep,CRT_5AM_CRT_5PM_CBDR_High,bearish_sweep,1.4221999645233154,1.4238500595092773,0.001650094985961914,expired,True,True,False,False,1.39,-0.77
m5_cisd,2026-07-06 09:15:00-04:00,2026-07-06T17:06:27-04:00,USDCAD,crt_range_sweep,CRT_5AM_CRT_9PM_Asia_High,bearish_sweep,1.4221999645233154,1.4238500595092773,0.001650094985961914,expired,True,True,False,False,1.39,-0.77
m5_cisd,2026-07-06 09:15:00-04:00,2026-07-06T17:06:27-04:00,USDCAD,crt_range_sweep,CRT_5AM_CRT_9PM_Asia_High,bearish_sweep,1.4221999645233154,1.4238500595092773,0.001650094985961914,expired,True,True,False,False,1.39,-0.77
m5_cisd,2026-07-06 09:15:00-04:00,2026-07-06T17:06:28-04:00,USDCAD,crt_range_sweep,CRT_5AM_CRT_1AM_London_High,bearish_sweep,1.4221999645233154,1.4238500595092773,0.001650094985961914,expired,True,True,False,False,1.39,-0.77
m5_cisd,2026-07-06 11:15:00-04:00,2026-07-06T17:06:28-04:00,USDCAD,crt_range_sweep,CRT_9AM_CRT_1AM_London_High,bearish_sweep,1.4219000339508057,1.4234700202941895,0.001569986343383789,expired,True,True,False,False,1.27,-0.15
m5_cisd,2026-07-06 09:50:00-04:00,2026-07-06T18:11:20-04:00,US500,crt_range_sweep,CRT_9AM_CRT_5AM_Low,bullish_sweep,7573.0,7552.5,20.5,expired,,True,False,False,1.44,-0.71
m5_cisd,2026-07-06 09:45:00-04:00,2026-07-06T18:11:21-04:00,US500,crt_range_sweep,CRT_9AM_CRT_5AM_Low,bullish_sweep,7568.5,7555.5,13.0,expired,,True,True,False,2.62,-0.77
m5_cisd,2026-07-06 02:30:00-04:00,2026-07-06T18:11:21-04:00,XAUUSD,crt_range_sweep,CRT_1AM_CRT_9PM_Asia_Low,bullish_sweep,,,,no_m5_entry,,,,,,
m5_cisd,2026-07-06 02:35:00-04:00,2026-07-06T18:11:21-04:00,XAUUSD,crt_range_sweep,CRT_1AM_CRT_9PM_Asia_Low,bullish_sweep,,,,no_m5_entry,,,,,,
m5_cisd,2026-07-06 02:40:00-04:00,2026-07-06T18:11:21-04:00,XAUUSD,crt_range_sweep,CRT_1AM_CRT_9PM_Asia_Low,bullish_sweep,,,,no_m5_entry,,,,,,
m5_cisd,2026-07-06 06:00:00-04:00,2026-07-06T18:11:21-04:00,XAUUSD,crt_range_sweep,CRT_5AM_CRT_1AM_London_Low,bullish_sweep,,,,no_m5_entry,,,,,,
m5_cisd,2026-07-06 07:15:00-04:00,2026-07-06T18:11:21-04:00,XAUUSD,crt_range_sweep,CRT_5AM_CRT_9PM_Asia_Low,bullish_sweep,,,,no_m5_entry,,,,,,
m5_cisd,2026-07-06 07:20:00-04:00,2026-07-06T18:11:21-04:00,XAUUSD,crt_range_sweep,CRT_5AM_CRT_9PM_Asia_Low,bullish_sweep,,,,no_m5_entry,,,,,,
m5_cisd,2026-07-06 07:30:00-04:00,2026-07-06T18:11:21-04:00,XAUUSD,crt_range_sweep,CRT_5AM_CRT_9PM_Asia_Low,bullish_sweep,,,,no_m5_entry,,,,,,
m5_cisd,2026-07-06 08:00:00-04:00,2026-07-06T18:11:21-04:00,XAUUSD,crt_range_sweep,CRT_5AM_CRT_9PM_Asia_Low,bullish_sweep,,,,no_m5_entry,,,,,,
m5_cisd,2026-07-06 08:05:00-04:00,2026-07-06T18:11:21-04:00,XAUUSD,crt_range_sweep,CRT_5AM_CRT_9PM_Asia_Low,bullish_sweep,,,,no_m5_entry,,,,,,
m5_cisd,2026-07-06 09:45:00-04:00,2026-07-06T18:11:21-04:00,USTEC,crt_range_sweep,CRT_9AM_CRT_5AM_Low,bullish_sweep,29940.75,29776.25,164.5,expired,,False,False,False,0.93,-0.36
raw,2026-07-06 09:30:00-04:00,2026-07-06T18:11:21-04:00,USTEC,crt_range_sweep,CRT_9AM_CRT_5AM_Low,bullish_sweep,29876.75,29776.25,100.5,expired,True,True,True,False,2.16,-0.9
m5_cisd,2026-07-06 09:45:00-04:00,2026-07-06T18:11:22-04:00,USTEC,crt_range_sweep,CRT_9AM_CRT_5AM_Low,bullish_sweep,29940.75,29786.0,154.75,expired,,False,False,False,0.99,-0.38
m5_cisd,2026-07-06 09:45:00-04:00,2026-07-06T18:11:22-04:00,USTEC,crt_range_sweep,CRT_9AM_CRT_5AM_Low,bullish_sweep,29940.75,29845.75,95.0,expired,,True,False,False,1.61,-0.62
raw,2026-07-07 02:00:00-04:00,2026-07-07T02:16:04-04:00,USTEC,pdh_pdl_sweep,PDL,bullish_sweep,29685.0,29678.0,7.0,stop,,False,False,False,0.14,-2.36
m5_cisd,2026-07-07 02:55:00-04:00,2026-07-07T05:45:17-04:00,USTEC,pdh_pdl_sweep,PDL,bullish_sweep,29690.25,29631.25,59.0,stop,,False,False,False,0.91,-1.05
raw,2026-07-07 06:15:00-04:00,2026-07-07T06:31:45-04:00,US500,crt_range_sweep,CRT_5AM_CRT_1AM_London_High,bearish_sweep,7580.5,7583.0,2.5,stop,False,False,False,False,-0.0,-1.1
raw,2026-07-07 07:05:00-04:00,2026-07-07T07:22:15-04:00,USTEC,crt_range_sweep,CRT_5AM_CRT_9PM_Asia_Low,bullish_sweep,29624.25,29603.75,20.5,stop,False,False,False,False,0.0,-1.06
raw,2026-07-07 07:15:00-04:00,2026-07-07T07:32:25-04:00,XAUUSD,crt_range_sweep,CRT_5AM_CRT_1AM_London_High,bearish_sweep,4150.10009765625,4153.60009765625,3.5,stop,False,False,False,False,-0.0,-1.4
m5_cisd,2026-07-07 07:15:00-04:00,2026-07-07T07:44:33-04:00,USTEC,crt_range_sweep,CRT_5AM_CRT_9PM_Asia_Low,bullish_sweep,29629.0,29602.5,26.5,stop,False,False,False,False,0.84,-1.07
raw,2026-07-07 07:40:00-04:00,2026-07-07T07:56:43-04:00,XAUUSD,crt_range_sweep,CRT_5AM_CRT_9PM_Asia_High,bearish_sweep,4157.7998046875,4160.5,2.7001953125,stop,False,False,False,False,-0.0,-1.89
m5_cisd,2026-07-07 07:30:00-04:00,2026-07-07T08:16:59-04:00,GBPUSD,crt_range_sweep,CRT_5AM_CRT_1AM_London_High,bearish_sweep,1.3388673067092896,1.3390285968780518,0.00016129016876220703,all_targets,True,True,True,True,3.33,-0.89
m5_cisd,2026-07-07 06:30:00-04:00,2026-07-07T08:19:01-04:00,US500,crt_range_sweep,CRT_5AM_CRT_1AM_London_High,bearish_sweep,7580.25,7583.25,3.0,stop,True,True,True,False,2.75,-1.17
raw,2026-07-07 08:10:00-04:00,2026-07-07T08:25:05-04:00,USDCAD,crt_range_sweep,CRT_5AM_CRT_9PM_Asia_High,bearish_sweep,1.4217900037765503,1.4219599962234497,0.00016999244689941406,all_targets,True,True,True,True,4.65,-0.65
m5_cisd,2026-07-07 08:30:00-04:00,2026-07-07T08:41:18-04:00,USDCAD,crt_range_sweep,CRT_5AM_CRT_9PM_Asia_High,bearish_sweep,1.4211000204086304,1.4219000339508057,0.000800013542175293,stop,,False,False,False,0.25,-1.07
m5_cisd,2026-07-07 08:35:00-04:00,2026-07-07T08:55:27-04:00,XAUUSD,crt_range_sweep,CRT_5AM_CRT_5PM_CBDR_High,bearish_sweep,4174.39990234375,4180.0,5.60009765625,stop,False,False,False,False,0.21,-1.07
raw,2026-07-07 08:25:00-04:00,2026-07-07T09:01:32-04:00,XAUUSD,crt_range_sweep,CRT_5AM_CRT_5PM_CBDR_High,bearish_sweep,4177.7998046875,4181.10009765625,3.30029296875,stop,False,True,False,False,1.39,-1.24
raw,2026-07-07 07:20:00-04:00,2026-07-07T09:11:41-04:00,GBPUSD,crt_range_sweep,CRT_5AM_CRT_1AM_London_High,bearish_sweep,1.339064598083496,1.3394052982330322,0.0003407001495361328,all_targets,True,True,True,True,3.47,-0.68
raw,2026-07-07 09:15:00-04:00,2026-07-07T09:31:56-04:00,USTEC,crt_range_sweep,CRT_9AM_CRT_9PM_Asia_Low,bullish_sweep,29620.5,29604.5,16.0,stop,False,False,False,False,0.3,-1.48
raw,2026-07-07 09:25:00-04:00,2026-07-07T09:40:09-04:00,USTEC,crt_range_sweep,CRT_9AM_CRT_5AM_Low,bullish_sweep,29598.0,29587.25,10.75,stop,False,False,False,False,8.16,-2.67
raw,2026-07-07 09:30:00-04:00,2026-07-07T09:40:09-04:00,EURUSD,crt_range_sweep,CRT_9AM_CRT_1AM_London_High,bearish_sweep,1.1439030170440674,1.144164800643921,0.0002617835998535156,stop,False,False,False,False,-0.0,-1.5
m5_cisd,2026-07-07 09:05:00-04:00,2026-07-07T09:46:14-04:00,XAUUSD,crt_range_sweep,CRT_5AM_CRT_1AM_London_High,bearish_sweep,4173.7998046875,4190.60009765625,16.80029296875,stop,False,False,False,False,0.15,-1.05
m5_cisd,2026-07-07 09:05:00-04:00,2026-07-07T09:46:14-04:00,XAUUSD,crt_range_sweep,CRT_5AM_CRT_9PM_Asia_High,bearish_sweep,4173.7998046875,4190.60009765625,16.80029296875,stop,False,False,False,False,0.15,-1.05
raw,2026-07-07 09:00:00-04:00,2026-07-07T09:46:15-04:00,XAUUSD,crt_range_sweep,CRT_9AM_CRT_5AM_High,bearish_sweep,4180.39990234375,4190.60009765625,10.2001953125,stop,False,False,False,False,0.89,-1.08
m5_cisd,2026-07-07 09:30:00-04:00,2026-07-07T09:46:15-04:00,XAUUSD,crt_range_sweep,CRT_9AM_CRT_5AM_High,bearish_sweep,4175.7998046875,4183.89990234375,8.10009765625,stop,False,False,False,False,-0.0,-1.93
raw,2026-07-07 09:45:00-04:00,2026-07-07T10:00:28-04:00,USTEC,crt_range_sweep,CRT_9AM_CRT_1AM_London_Low,bullish_sweep,29574.25,29528.5,45.75,stop,False,False,False,False,0.0,-1.53
raw,2026-07-07 09:30:00-04:00,2026-07-07T10:25:43-04:00,US500,crt_range_sweep,CRT_9AM_CRT_1AM_London_High,bearish_sweep,7578.0,7587.5,9.5,all_targets,True,True,True,True,3.21,-0.29
raw,2026-07-07 09:30:00-04:00,2026-07-07T10:25:43-04:00,US500,crt_range_sweep,CRT_9AM_CRT_5AM_High,bearish_sweep,7578.0,7587.5,9.5,all_targets,,True,True,True,3.21,-0.29
m5_cisd,2026-07-07 09:55:00-04:00,2026-07-07T15:15:56-04:00,EURUSD,crt_range_sweep,CRT_9AM_CRT_1AM_London_High,bearish_sweep,1.1437721252441406,1.144426703453064,0.0006545782089233398,all_targets,True,True,True,True,3.39,-0.4
m5_cisd,2026-07-07 11:05:00-04:00,2026-07-07T18:11:55-04:00,USTEC,crt_range_sweep,CRT_9AM_CRT_9PM_Asia_Low,bullish_sweep,29333.0,29210.0,123.0,expired,False,True,True,False,2.01,-0.69
m5_cisd,2026-07-07 11:05:00-04:00,2026-07-07T18:11:56-04:00,USTEC,crt_range_sweep,CRT_9AM_CRT_5AM_Low,bullish_sweep,29333.0,29210.0,123.0,expired,False,True,True,False,2.01,-0.69
m5_cisd,2026-07-07 11:05:00-04:00,2026-07-07T18:11:56-04:00,USTEC,crt_range_sweep,CRT_9AM_CRT_1AM_London_Low,bullish_sweep,29333.0,29210.0,123.0,expired,False,True,True,False,2.01,-0.69
m5_cisd,2026-07-07 09:50:00-04:00,2026-07-07T18:11:57-04:00,US500,crt_range_sweep,CRT_9AM_CRT_1AM_London_High,bearish_sweep,7566.25,7580.75,14.5,expired,,True,True,False,2.53,-0.34
m5_cisd,2026-07-07 09:50:00-04:00,2026-07-07T18:11:57-04:00,US500,crt_range_sweep,CRT_9AM_CRT_5AM_High,bearish_sweep,7566.25,7580.75,14.5,expired,,True,True,False,2.53,-0.34
